year,ncessch,school_name,state_location,lea_name,school_level,school_type,charter,latitude,longitude,students_chronically_absent,read_test_num_valid,read_test_pct_prof_midpt,math_test_num_valid,math_test_pct_prof_midpt,grad_rate_midpt,school_id,seasch
mixed - most recent,1.10007E+11,Achievement Preparatory Academy PCS - Wahler Place ES,DC,Achievement Preparatory Academy PCS,Primary,Regular school,Yes,38.834302,-76.992384,106,62,17,62,17,,1100473,155-217
mixed - most recent,1.10007E+11,Achievement Preparatory Academy PCS - Wahler Place MS,DC,Achievement Preparatory Academy PCS,Missing/not reported,Regular school,Yes,38.834334,-76.992349,58,431,19,431,13,,1100405,155-1100
mixed - most recent,1.10003E+11,Aiton ES,DC,District of Columbia Public Schools,Primary,Regular school,No,38.896669,-76.933728,72,70,17,70,12,,1100122,001-202
mixed - most recent,1.10003E+11,Amidon-Bowen ES,DC,District of Columbia Public Schools,Primary,Regular school,No,38.879823,-77.018149,126,144,17,144,22,,1100121,001-203
mixed - most recent,1.10003E+11,Anacostia HS,DC,District of Columbia Public Schools,High,Regular school,No,38.86992,-76.982691,638,52,15,58,5,47,1100085,001-450
mixed - most recent,1.10005E+11,AppleTree Early Learning Center PCS - Columbia Heights,DC,AppleTree Early Learning PCS,Prekindergarten,Regular school,Yes,38.925304,-77.032604,,,,,,,1100304,103-140
mixed - most recent,1.10005E+11,AppleTree Early Learning Center PCS - Douglas Knoll,DC,AppleTree Early Learning PCS,Prekindergarten,Regular school,Yes,38.848622,-76.97456,,,,,,,1100447,103-3072
mixed - most recent,1.10005E+11,AppleTree Early Learning Center PCS - Lincoln Park,DC,AppleTree Early Learning PCS,Prekindergarten,Regular school,Yes,38.89149,-76.990651,,,,,,,1100448,103-3073
mixed - most recent,1.10005E+11,AppleTree Early Learning Center PCS - Oklahoma Avenue,DC,AppleTree Early Learning PCS,Prekindergarten,Regular school,Yes,38.89418,-76.975461,,,,,,,1100435,103-1137
mixed - most recent,1.10005E+11,AppleTree Early Learning Center PCS - Parklands at THEARC,DC,AppleTree Early Learning PCS,Prekindergarten,Regular school,Yes,38.843379,-76.97709,,,,,,,1100517,103-1069
mixed - most recent,1.10005E+11,AppleTree Early Learning Center PCS - Southwest,DC,AppleTree Early Learning PCS,Prekindergarten,Regular school,Yes,38.884556,-77.019024,,,,,,,1100413,103-141
mixed - most recent,1.10003E+11,Ballou HS,DC,District of Columbia Public Schools,High,Regular school,No,38.838443,-77.001373,1019,134,2.5,121,2.5,58,1100084,001-452
mixed - most recent,1.10003E+11,Ballou STAY HS,DC,District of Columbia Public Schools,High,Other/alternative school,No,38.838443,-77.001373,479,12,24.5,8,24.5,12,1100207,001-462
mixed - most recent,1.10003E+11,Bancroft ES,DC,District of Columbia Public Schools,Primary,Regular school,No,38.934502,-77.04055,47,200,52,200,52,,1100120,001-204
mixed - most recent,1.10003E+11,Bard HS Early College DC (Bard DC),DC,District of Columbia Public Schools,High,Regular school,No,38.879051,-76.937371,,,,,,,1100529,001-1058
mixed - most recent,1.10003E+11,Barnard ES,DC,District of Columbia Public Schools,Primary,Regular school,No,38.94789,-77.01779,120,218,38,219,46,,1100119,001-205
mixed - most recent,1.10008E+11,BASIS DC PCS,DC,BASIS DC PCS,High,Regular school,Yes,38.895268,-77.023385,49,469,80,496,65,95,1100443,168-3068
mixed - most recent,1.10003E+11,Beers ES,DC,District of Columbia Public Schools,Primary,Regular school,No,38.864597,-76.955856,118,188,27,187,17,,1100118,001-206
mixed - most recent,1.10003E+11,Benjamin Banneker HS,DC,District of Columbia Public Schools,High,Regular school,No,38.923709,-77.023959,105,122,97.5,137,82,97,1100153,001-402
mixed - most recent,1.1001E+11,Breakthrough Montessori PCS,DC,Breakthrough Montessori PCS,Primary,Regular school,Yes,38.940592,-77.028421,,,,,,,1100507,189-289
mixed - most recent,1.10003E+11,Brent ES,DC,District of Columbia Public Schools,Primary,Regular school,No,38.884642,-77.001516,15,140,72,140,72,,1100113,001-212
mixed - most recent,1.10006E+11,Bridges PCS,DC,Bridges PCS,Primary,Regular school,Yes,38.952962,-77.007484,66,139,17,138,22,,1100305,107-142
mixed - most recent,1.10003E+11,Brightwood Education Campus,DC,District of Columbia Public Schools,Primary,Regular school,No,38.960625,-77.030166,99,391,32,391,37,,1100112,001-213
mixed - most recent,1.10003E+11,Brookland MS,DC,District of Columbia Public Schools,Middle,Regular school,No,38.938412,-76.991161,174,258,23,255,9,,1100494,001-347
mixed - most recent,1.10003E+11,Browne Education Campus,DC,District of Columbia Public Schools,Primary,Regular school,No,38.902592,-76.970808,71,172,17,171,17,,1100152,001-404
mixed - most recent,1.10003E+11,Bruce-Monroe ES at Park View,DC,District of Columbia Public Schools,Primary,Regular school,No,38.934397,-77.021334,84,151,37,151,42,,1100110,001-296
mixed - most recent,1.10003E+11,Bunker Hill ES,DC,District of Columbia Public Schools,Primary,Regular school,No,38.942033,-76.985009,51,67,22,67,22,,1100111,001-346
mixed - most recent,1.10003E+11,Burroughs ES,DC,District of Columbia Public Schools,Primary,Regular school,No,38.933576,-76.978472,26,91,27,91,37,,1100107,001-220
mixed - most recent,1.10003E+11,Burrville ES,DC,District of Columbia Public Schools,Primary,Regular school,No,38.900411,-76.923753,108,88,37,88,27,,1100106,001-221
mixed - most recent,1.10003E+11,C.W. Harris ES,DC,District of Columbia Public Schools,Primary,Regular school,No,38.883593,-76.926113,124,88,7.5,88,12,,1100185,001-247
mixed - most recent,1.10004E+11,Capital City PCS - HS,DC,Capital City PCS,High,Regular school,Yes,38.962224,-77.01293,126,86,22,90,12,82,1100475,108-1207
mixed - most recent,1.10004E+11,Capital City PCS - Lower School,DC,Capital City PCS,Primary,Regular school,Yes,38.962224,-77.01293,61,99,17,99,27,,1100253,108-184
mixed - most recent,1.10004E+11,Capital City PCS - MS,DC,Capital City PCS,Middle,Regular school,Yes,38.962224,-77.01293,82,331,38,331,22,,1100464,108-182
mixed - most recent,1.10011E+11,Capital Village PCS,DC,Capital Village PCS,Middle,Regular school,Yes,38.92365,-76.995861,,,,,,,1100536,334-1145
mixed - most recent,1.10003E+11,Capitol Hill Montessori School at Logan,DC,District of Columbia Public Schools,Primary,Regular school,No,38.923024,-77.026675,47,148,42,148,32,,1100446,001-360
mixed - most recent,1.10003E+11,Cardozo Education Campus,DC,District of Columbia Public Schools,High,Regular school,No,38.92215,-77.028371,713,239,16,239,8,53,1100082,001-454
mixed - most recent,1.10003E+11,Cedar Tree Academy PCS,DC,Cedar Tree Academy PCS,Primary,Regular school,Yes,38.864203,-76.999196,16,,,,,,1100245,123-188
mixed - most recent,1.10007E+11,Center City PCS - Brightwood,DC,Center City PCS,Primary,Regular school,Yes,38.963159,-77.02822,6,137,47,137,37,,1100400,156-1103
mixed - most recent,1.10007E+11,Center City PCS - Capitol Hill,DC,Center City PCS,Primary,Regular school,Yes,38.889365,-76.983233,111,149,22,149,17,,1100393,156-1104
mixed - most recent,1.10007E+11,Center City PCS - Congress Heights,DC,Center City PCS,Primary,Regular school,Yes,38.841559,-77.004521,70,138,42,138,37,,1100412,156-1105
mixed - most recent,1.10007E+11,Center City PCS - Petworth,DC,Center City PCS,Primary,Regular school,Yes,38.943726,-77.020908,43,137,32,138,32,,1100395,156-1106
mixed - most recent,1.10007E+11,Center City PCS - Shaw,DC,Center City PCS,Primary,Regular school,Yes,38.907478,-77.022494,53,148,27,148,32,,1100404,156-1107
mixed - most recent,1.10007E+11,Center City PCS - Trinidad,DC,Center City PCS,Primary,Regular school,Yes,38.905293,-76.991158,84,134,27,134,12,,1100403,156-1108
mixed - most recent,1.10001E+11,Cesar Chavez PCS for Public Policy - Parkside MS,DC,Cesar Chavez PCS for Public Policy,Missing/not reported,Regular school,Yes,38.901338,-76.949057,,125,32,126,7.5,,1100328,109-102
mixed - most recent,1.10001E+11,Cesar Chavez Public Charter Schools for Public Policy,DC,Cesar Chavez PCS for Public Policy,High,Regular school,Yes,38.901338,-76.949057,,88,17,20,10,82,1100456,109-109
mixed - most recent,1.10003E+11,Cleveland ES,DC,District of Columbia Public Schools,Primary,Regular school,No,38.915069,-77.022694,58,108,22,108,27,,1100103,001-224
mixed - most recent,1.10003E+11,Columbia Heights Education Campus,DC,District of Columbia Public Schools,High,Regular school,No,38.92937,-77.035471,1009,556,36,556,21,81,1100396,001-442
mixed - most recent,1.10003E+11,Coolidge HS,DC,District of Columbia Public Schools,High,Regular school,No,38.967274,-77.019549,305,61,12,58,5,67,1100081,001-455
mixed - most recent,1.10008E+11,Creative Minds International PCS,DC,Creative Minds International PCS,Primary,Regular school,Yes,38.942101,-77.011031,0,196,37,195,42,,1100440,169-3069
mixed - most recent,1.10004E+11,DC Bilingual PCS,DC,DC Bilingual PCS,Primary,Regular school,Yes,38.954823,-77.006602,6,169,42,169,32,,1100273,114-199
mixed - most recent,1.10005E+11,DC Prep PCS - Anacostia ES,DC,DC Prep PCS,Primary,Regular school,Yes,38.864704,-76.984729,,,,,,,1100501,115-276
mixed - most recent,1.10005E+11,DC Prep PCS - Anacostia MS,DC,DC Prep PCS,Primary,Regular school,Yes,38.85977,-76.995361,,,,,,,1100532,115-1151
mixed - most recent,1.10005E+11,DC Prep PCS - Benning ES,DC,DC Prep PCS,Primary,Regular school,Yes,38.890718,-76.944773,70,72,42,72,52,,1100387,115-1110
mixed - most recent,1.10005E+11,DC Prep PCS - Benning MS,DC,DC Prep PCS,Middle,Regular school,Yes,38.890718,-76.944773,58,332,46,332,39,,1100474,115-218
mixed - most recent,1.10005E+11,DC Prep PCS - Edgewood ES,DC,DC Prep PCS,Primary,Regular school,Yes,38.924243,-76.995631,46,69,37,69,52,,1100388,115-130
mixed - most recent,1.10005E+11,DC Prep PCS - Edgewood MS,DC,DC Prep PCS,Middle,Regular school,Yes,38.924719,-76.996011,35,328,53,328,55,,1100277,115-196
mixed - most recent,1.10009E+11,DC Scholars PCS,DC,DC Scholars PCS,Primary,Regular school,Yes,38.889408,-76.921014,100,234,19,233,22,,1100438,170-3070
mixed - most recent,1.10003E+11,Deal MS,DC,District of Columbia Public Schools,Middle,Regular school,No,38.952896,-77.075204,163,1446,81,1440,63,,1100138,001-405
mixed - most recent,1.10011E+11,Digital Pioneers Academy PCS,DC,Digital Pioneers Academy PCS,Middle,Regular school,Yes,38.880683,-76.990612,,95,27,95,22,,1100521,317-1038
mixed - most recent,1.1001E+11,District of Columbia International School,DC,District of Columbia International School,High,Regular school,Yes,38.972736,-77.034222,87,776,61,789,41,,1100492,181-248
mixed - most recent,1.10003E+11,Dorothy I. Height ES,DC,District of Columbia Public Schools,Primary,Regular school,No,38.944729,-77.030474,122,152,42,153,47,,1100504,001-349
mixed - most recent,1.10003E+11,Drew ES,DC,District of Columbia Public Schools,Primary,Regular school,No,38.896037,-76.920013,88,97,17,95,12,,1100097,001-231
mixed - most recent,1.10003E+11,Duke Ellington School of the Arts,DC,District of Columbia Public Schools,High,Regular school,No,38.91318,-77.07035,230,141,57,145,17,97,1100016,001-471
mixed - most recent,1.10003E+11,Dunbar HS,DC,District of Columbia Public Schools,High,Regular school,No,38.907695,-77.012836,603,213,17,225,2,77,1100079,001-467
mixed - most recent,1.10004E+11,E.L. Haynes PCS - ES,DC,E.L. Haynes PCS,Primary,Regular school,Yes,38.945521,-77.022433,47,103,42,103,42,,1100472,116-1206
mixed - most recent,1.10004E+11,E.L. Haynes PCS - HS,DC,E.L. Haynes PCS,High,Regular school,Yes,38.945521,-77.022433,157,114,12,108,7.5,87,1100433,116-1138
mixed - most recent,1.10004E+11,E.L. Haynes PCS - MS,DC,E.L. Haynes PCS,Middle,Regular school,Yes,38.934337,-77.024322,90,339,32,337,25,,1100274,116-146
mixed - most recent,1.10005E+11,Eagle Academy PCS - Capitol Riverfront,DC,Eagle Academy PCS,Primary,Regular school,Yes,38.866696,-77.009952,2,12,24.5,12,24.5,,1100434,117-1125
mixed - most recent,1.10005E+11,Eagle Academy PCS - Congress Heights,DC,Eagle Academy PCS,Primary,Regular school,Yes,38.840242,-76.992913,22,70,27,70,22,,1100278,117-195
mixed - most recent,1.10006E+11,Early Childhood Academy PCS,DC,Early Childhood Academy PCS,Primary,Regular school,Yes,38.831501,-76.991473,43,29,30,29,10,,1100431,118-138
mixed - most recent,1.10003E+11,Eastern HS,DC,District of Columbia Public Schools,High,Regular school,No,38.890396,-76.979549,772,131,27,139,2.5,77,1100078,001-457
mixed - most recent,1.10003E+11,Eaton ES,DC,District of Columbia Public Schools,Primary,Regular school,No,38.943748,-77.066969,19,199,72,199,72,,1100096,001-232
mixed - most recent,1.10003E+11,Eliot-Hine MS,DC,District of Columbia Public Schools,Middle,Regular school,No,38.892684,-76.979015,75,209,23,207,14,,1100151,001-407
mixed - most recent,1.10001E+11,Elsie Whitlow Stokes Community Freedom PCS - Brookland,DC,Elsie Whitlow Stokes Community Freedom PCS,Primary,Regular school,Yes,38.934926,-76.990084,40,138,47,137,42,,1100223,144-159
mixed - most recent,1.10001E+11,Elsie Whitlow Stokes Community Freedom PCS - East End,DC,Elsie Whitlow Stokes Community Freedom PCS,Primary,Regular school,Yes,38.89032,-76.920334,,,,,,,1100520,144-1059
mixed - most recent,1.10003E+11,Excel Academy,DC,District of Columbia Public Schools,Primary,Regular school,No,38.85977,-76.995361,,232,25,229,9,,1100519,001-318
mixed - most recent,1.10001E+11,Friendship PCS - Armstrong Elementary,DC,Friendship PCS,Primary,Regular school,Yes,38.909033,-77.01328,152,114,7.5,114,22,,1100497,120-269
mixed - most recent,1.10001E+11,Friendship PCS - Armstrong Middle,DC,Friendship PCS,Middle,Regular school,Yes,38.909033,-77.01328,,,,,,,1100526,120-1140
mixed - most recent,1.10001E+11,Friendship PCS - Blow Pierce Elementary,DC,Friendship PCS,Primary,Regular school,Yes,38.897839,-76.976372,153,52,15,51,5,,1100479,120-361
mixed - most recent,1.10001E+11,Friendship PCS - Blow Pierce Middle,DC,Friendship PCS,Middle,Regular school,Yes,38.897839,-76.976372,63,239,25,243,22,,1100478,120-362
mixed - most recent,1.10001E+11,Friendship PCS - Chamberlain Elementary,DC,Friendship PCS,Primary,Regular school,Yes,38.87933,-76.986711,82,58,24.5,58,24.5,,1100480,120-363
mixed - most recent,1.10001E+11,Friendship PCS - Chamberlain Middle,DC,Friendship PCS,Middle,Regular school,Yes,38.87933,-76.986711,55,306,26,305,28,,1100483,120-364
mixed - most recent,1.10001E+11,Friendship PCS - Collegiate Academy,DC,Friendship PCS,High,Regular school,Yes,38.897511,-76.946307,262,115,12,117,2.5,87,1100338,120-186
mixed - most recent,1.10001E+11,Friendship PCS - Ideal Elementary,DC,Friendship PCS,Primary,Regular school,Yes,38.964939,-77.009948,,,,,,,1100530,120-1083
mixed - most recent,1.10001E+11,Friendship PCS - Ideal Middle,DC,Friendship PCS,Middle,Regular school,Yes,38.964939,-77.009948,,,,,,,1100528,120-1084
mixed - most recent,1.10001E+11,Friendship PCS - Online,DC,Friendship PCS,Primary,Regular school,Yes,38.960491,-77.031617,0,124,47,123,22,,1100495,120-268
mixed - most recent,1.10001E+11,Friendship PCS - Southeast Elementary,DC,Friendship PCS,Primary,Regular school,Yes,38.84754,-76.997001,178,59,34.5,59,44.5,,1100382,120-113
mixed - most recent,1.10001E+11,Friendship PCS - Southeast Middle,DC,Friendship PCS,Middle,Regular school,Yes,38.84765,-76.997018,,173,27,173,12,,1100515,120-1057
mixed - most recent,1.10001E+11,Friendship PCS - Technology Preparatory HS,DC,Friendship PCS,High,Regular school,Yes,38.8483,-76.996292,88,72,42,72,12,95,1100496,120-1164
mixed - most recent,1.10001E+11,Friendship PCS - Technology Preparatory MS,DC,Friendship PCS,Missing/not reported,Regular school,Yes,38.8483,-76.996292,90,131,7.5,131,7.5,Suppressed data,1100422,120-1124
mixed - most recent,1.10001E+11,Friendship PCS - Woodridge International Elementary,DC,Friendship PCS,Primary,Regular school,Yes,38.92924,-76.966101,72,37,34.5,37,44.5,,1100482,120-365
mixed - most recent,1.10001E+11,Friendship PCS - Woodridge International Middle,DC,Friendship PCS,Middle,Regular school,Yes,38.92924,-76.966101,42,221,42,222,38,,1100481,120-366
mixed - most recent,1.10003E+11,Garfield ES,DC,District of Columbia Public Schools,Primary,Regular school,No,38.851565,-76.97077,87,132,17,132,12,,1100165,001-238
mixed - most recent,1.10003E+11,Garrison ES,DC,District of Columbia Public Schools,Primary,Regular school,No,38.913811,-77.028267,76,75,47,75,37,,1100171,001-239
mixed - most recent,1.10011E+11,Girls Global Academy PCS,DC,Girls Global Academy PCS,Secondary,Regular school,Yes,38.899256,-77.02259,,,,,,,1100537,340-1146
mixed - most recent,1.10011E+11,Goodwill Excel Center PCS,DC,Goodwill Excel Center PCS,High,Regular school,Yes,38.89795,-77.041191,,20,10,8,24.5,15,1100508,190-297
mixed - most recent,1.10003E+11,H.D. Cooke ES,DC,District of Columbia Public Schools,Primary,Regular school,No,38.924059,-77.038756,88,128,37,130,42,,1100100,001-227
mixed - most recent,1.10003E+11,H.D. Woodson HS,DC,District of Columbia Public Schools,High,Regular school,No,38.896865,-76.922987,574,94,17,98,7.5,67,1100055,001-464
mixed - most recent,1.10003E+11,Hardy MS,DC,District of Columbia Public Schools,Middle,Regular school,No,38.915415,-77.068741,77,432,67,431,46,,1100186,001-246
mixed - most recent,1.1001E+11,Harmony DC PCS - School of Excellence,DC,Harmony DC PCS,Primary,Regular school,Yes,38.916004,-77.0067,10,56,15,56,15,,1100491,180-245
mixed - most recent,1.10003E+11,Hart MS,DC,District of Columbia Public Schools,Middle,Regular school,No,38.837418,-76.997357,144,322,20,325,4,,1100135,001-413
mixed - most recent,1.10003E+11,Hearst ES,DC,District of Columbia Public Schools,Primary,Regular school,No,38.940711,-77.072016,43,122,62,122,62,,1100183,001-258
mixed - most recent,1.10003E+11,Hendley ES,DC,District of Columbia Public Schools,Primary,Regular school,No,38.828872,-76.999555,153,142,7.5,142,22,,1100182,001-249
mixed - most recent,1.10005E+11,Hope Community PCS - Lamond,DC,Hope Community PCS,Primary,Regular school,Yes,38.965805,-77.008685,33,73,37,72,22,,1100301,121-131
mixed - most recent,1.10005E+11,Hope Community PCS - Tolson,DC,Hope Community PCS,Primary,Regular school,Yes,38.92687,-76.994601,0,247,21,246,15,,1100386,121-114
mixed - most recent,1.10003E+11,Houston ES,DC,District of Columbia Public Schools,Primary,Regular school,No,38.905417,-76.929992,111,92,7.5,92,12,,1100181,001-251
mixed - most recent,1.10006E+11,Howard University MS of Mathematics and Science PCS,DC,Howard University Middle School of Math and Science PCS,Middle,Regular school,Yes,38.922853,-77.019038,19,273,34,271,13,,1100308,124-115
mixed - most recent,1.10003E+11,Hyde-Addison ES,DC,District of Columbia Public Schools,Primary,Regular school,No,38.908151,-77.064601,38,118,62,118,62,,1100180,001-252
mixed - most recent,1.10011E+11,I Dream PCS,DC,I Dream PCS,Primary,Regular school,Yes,38.862505,-76.958573,,,,,,,1100538,345-1147
mixed - most recent,1.10003E+11,Ida B. Wells MS,DC,District of Columbia Public Schools,Middle,Regular school,No,38.966588,-77.019323,,,,,,,1100524,001-1071
mixed - most recent,1.10001E+11,IDEA PCS,DC,IDEA PCS,High,Regular school,Yes,38.904535,-76.937028,128,64,22,67,7.5,82,1100227,126-163
mixed - most recent,1.10009E+11,Ingenuity Prep PCS,DC,Ingenuity Prep PCS,Primary,Regular school,Yes,38.823755,-77.003023,76,190,37,190,37,,1100460,173-200
mixed - most recent,1.10008E+11,Inspired Teaching Demonstration PCS,DC,Inspired Teaching Demonstration PCS,Primary,Regular school,Yes,38.923707,-77.002633,54,222,60,224,47,,1100437,165-3064
mixed - most recent,1.10003E+11,J.O. Wilson ES,DC,District of Columbia Public Schools,Primary,Regular school,No,38.903077,-76.996847,120,169,27,172,22,,1100062,001-339
mixed - most recent,1.10003E+11,Janney ES,DC,District of Columbia Public Schools,Primary,Regular school,No,38.94747,-77.080985,33,321,88,321,82,,1100179,001-254
mixed - most recent,1.10003E+11,Jefferson MS Academy,DC,District of Columbia Public Schools,Middle,Regular school,No,38.880066,-77.022977,125,317,37,320,21,,1100453,001-433
mixed - most recent,1.10003E+11,Johnson MS,DC,District of Columbia Public Schools,Middle,Regular school,No,38.851297,-76.983723,54,262,20,263,5,,1100144,001-416
mixed - most recent,1.10003E+11,Kelly Miller MS,DC,District of Columbia Public Schools,Middle,Regular school,No,38.893315,-76.932374,278,449,21,435,6,,1100272,001-421
mixed - most recent,1.10003E+11,Ketcham ES,DC,District of Columbia Public Schools,Primary,Regular school,No,38.866039,-76.983634,166,111,17,111,37,,1100176,001-257
mixed - most recent,1.10003E+11,Key ES,DC,District of Columbia Public Schools,Primary,Regular school,No,38.92682,-77.100651,37,156,77,156,82,,1100174,001-272
mixed - most recent,1.10003E+11,Kimball ES,DC,District of Columbia Public Schools,Primary,Regular school,No,38.883143,-76.957309,141,142,22,141,22,,1100173,001-259
mixed - most recent,1.10003E+11,King ES,DC,District of Columbia Public Schools,Primary,Regular school,No,38.842396,-76.99817,168,106,17,106,27,,1100102,001-344
mixed - most recent,1.1001E+11,Kingsman Academy PCS,DC,Kingsman Academy PCS,High,Regular school,Yes,38.895795,-76.986256,76,50,5,48,5,52,1100502,186-267
mixed - most recent,1.10003E+11,KIPP DC - AIM Academy PCS,DC,KIPP DC PCS,Middle,Regular school,Yes,38.856181,-76.988929,112,381,34,381,34,,1100381,129-116
mixed - most recent,1.10003E+11,KIPP DC - Arts and Technology Academy PCS,DC,KIPP DC PCS,Primary,Regular school,Yes,38.891978,-76.925058,37,,,,,,1100489,129-236
mixed - most recent,1.10003E+11,KIPP DC - College Preparatory PCS,DC,KIPP DC PCS,High,Regular school,Yes,38.909321,-76.994477,232,220,32,236,26,87,1100421,129-1123
mixed - most recent,1.10003E+11,KIPP DC - Connect Academy PCS,DC,KIPP DC PCS,Primary,Regular school,Yes,38.90744,-76.981461,27,,,,,,1100468,129-209
mixed - most recent,1.10003E+11,KIPP DC - Discover Academy PCS,DC,KIPP DC PCS,Primary,Regular school,Yes,38.856181,-76.988929,40,,,,,,1100427,129-1122
mixed - most recent,1.10003E+11,KIPP DC - Grow Academy PCS,DC,KIPP DC PCS,Primary,Regular school,Yes,38.91011,-77.018071,34,,,,,,1100432,129-1129
mixed - most recent,1.10003E+11,KIPP DC - Heights Academy PCS,DC,KIPP DC PCS,Primary,Regular school,Yes,38.856181,-76.988929,109,217,44,217,66,,1100452,129-3071
mixed - most recent,1.10003E+11,KIPP DC - Honor Academy PCS,DC,KIPP DC PCS,Middle,Regular school,Yes,38.841688,-76.994333,,,,,,,1100522,129-1085
mixed - most recent,1.10003E+11,KIPP DC - KEY Academy PCS,DC,KIPP DC PCS,Middle,Regular school,Yes,38.88251,-76.934221,73,331,46,331,34,,1100246,129-189
mixed - most recent,1.10003E+11,KIPP DC - Lead Academy PCS,DC,KIPP DC PCS,Primary,Regular school,Yes,38.91011,-77.018071,86,205,41,205,69,,1100463,129-190
mixed - most recent,1.10003E+11,KIPP DC - LEAP Academy PCS,DC,KIPP DC PCS,Prekindergarten,Regular school,Yes,38.88251,-76.934221,,,,,,,1100375,129-132
mixed - most recent,1.10003E+11,KIPP DC - Northeast Academy PCS,DC,KIPP DC PCS,Middle,Regular school,Yes,38.90744,-76.981461,46,315,32,315,21,,1100487,129-242
mixed - most recent,1.10003E+11,KIPP DC - Promise Academy PCS,DC,KIPP DC PCS,Primary,Regular school,Yes,38.88251,-76.934221,138,182,57,182,77,,1100419,129-1121
mixed - most recent,1.10003E+11,KIPP DC - Quest Academy PCS,DC,KIPP DC PCS,Primary,Regular school,Yes,38.891978,-76.925058,99,182,32,182,47,,1100488,129-237
mixed - most recent,1.10003E+11,KIPP DC - Somerset College Preparatory PCS,DC,KIPP DC PCS,High,Regular school,Yes,38.841688,-76.994333,,,,,,,1100523,129-1086
mixed - most recent,1.10003E+11,KIPP DC - Spring Academy PCS,DC,KIPP DC PCS,Primary,Regular school,Yes,38.90744,-76.981461,63,198,27,198,62,,1100469,129-214
mixed - most recent,1.10003E+11,KIPP DC - Valor Academy PCS,DC,KIPP DC PCS,Middle,Regular school,Yes,38.891978,-76.925058,25,325,34,325,15,,1100486,129-243
mixed - most recent,1.10003E+11,KIPP DC - WILL Academy PCS,DC,KIPP DC PCS,Middle,Regular school,Yes,38.91011,-77.018071,76,320,38,320,34,,1100376,129-121
mixed - most recent,1.10003E+11,Kramer MS,DC,District of Columbia Public Schools,Middle,Regular school,No,38.871282,-76.980233,84,165,7.5,170,2.5,,1100143,001-417
mixed - most recent,1.10003E+11,Lafayette ES,DC,District of Columbia Public Schools,Primary,Regular school,No,38.966611,-77.06809,44,325,79,325,82,,1100045,001-261
mixed - most recent,1.10003E+11,Langdon ES,DC,District of Columbia Public Schools,Primary,Regular school,No,38.924864,-76.97693,55,130,32,129,37,,1100044,001-262
mixed - most recent,1.10003E+11,Langley ES,DC,District of Columbia Public Schools,Primary,Regular school,No,38.91423,-77.005481,112,101,27,101,22,,1100445,001-370
mixed - most recent,1.10003E+11,LaSalle-Backus Education Campus,DC,District of Columbia Public Schools,Primary,Regular school,No,38.959982,-76.999882,89,204,32,204,18,,1100042,001-264
mixed - most recent,1.10003E+11,Latin American Montessori Bilingual PCS,DC,Latin American Montessori Bilingual PCS,Primary,Regular school,Yes,38.95098,-77.034071,32,130,57,130,37,,1100247,130-193
mixed - most recent,1.10003E+11,Lawrence E. Boone ES,DC,District of Columbia Public Schools,Primary,Regular school,No,38.872214,-76.974376,136,152,17,151,12,,1100161,001-291
mixed - most recent,1.10003E+11,Leckie Education Campus,DC,District of Columbia Public Schools,Primary,Regular school,No,38.828171,-77.013269,99,238,25,237,17,,1100041,001-266
mixed - most recent,1.10009E+11,Lee Montessori PCS - Brookland,DC,Lee Montessori PCS,Primary,Regular school,Yes,38.927936,-76.999011,5,31,24.5,30,30,,1100476,177-228
mixed - most recent,1.10009E+11,Lee Montessori PCS - East End,DC,Lee Montessori PCS,Primary,Regular school,Yes,38.869276,-76.972557,,,,,,,1100525,177-1141
mixed - most recent,1.10003E+11,Ludlow-Taylor ES,DC,District of Columbia Public Schools,Primary,Regular school,No,38.898512,-76.99664,53,143,57,143,47,,1100037,001-271
mixed - most recent,1.10003E+11,Luke C. Moore HS,DC,District of Columbia Public Schools,High,Other/alternative school,No,38.931745,-76.99229,319,8,24.5,19,10,12,1100198,001-884
mixed - most recent,1.10003E+11,MacFarland MS,DC,District of Columbia Public Schools,Middle,Regular school,No,38.943602,-77.027842,,345,24,347,12,,1100511,001-420
mixed - most recent,1.10003E+11,Malcolm X ES at Green,DC,District of Columbia Public Schools,Primary,Regular school,No,38.84157,-76.983554,73,86,12,86,17,,1100036,001-308
mixed - most recent,1.10003E+11,Mann ES,DC,District of Columbia Public Schools,Primary,Regular school,No,38.934166,-77.087821,30,159,82,158,72,,1100035,001-273
mixed - most recent,1.10003E+11,Marie Reed ES,DC,District of Columbia Public Schools,Primary,Regular school,No,38.919122,-77.040541,85,149,52,149,42,,1100032,001-284
mixed - most recent,1.10004E+11,Mary McLeod Bethune Day Academy PCS,DC,Mary McLeod Bethune Day Academy PCS,Primary,Regular school,Yes,38.929495,-76.986354,48,149,27,149,22,,1100275,132-135
mixed - most recent,1.10003E+11,Maury ES,DC,District of Columbia Public Schools,Primary,Regular school,No,38.892437,-76.988693,31,130,77,130,77,,1100034,001-274
mixed - most recent,1.10001E+11,Maya Angelou PCS - HS,DC,Maya Angelou PCS,High,Other/alternative school,Yes,38.89032,-76.920334,148,57,5,48,5,57,1100391,133-101
mixed - most recent,1.10003E+11,McKinley MS,DC,District of Columbia Public Schools,Middle,Regular school,No,38.914918,-77.004311,150,215,26,214,8,,1100470,001-435
mixed - most recent,1.10003E+11,McKinley Technology HS,DC,District of Columbia Public Schools,High,Regular school,No,38.914918,-77.004311,305,171,67,185,32,97,1100267,001-458
mixed - most recent,1.10002E+11,Meridian PCS,DC,Meridian PCS,Primary,Regular school,Yes,38.918554,-77.030066,81,300,20,300,19,,1100229,135-165
mixed - most recent,1.10003E+11,Miner ES,DC,District of Columbia Public Schools,Primary,Regular school,No,38.89737,-76.982707,94,114,17,114,17,,1100004,001-280
mixed - most recent,1.1001E+11,Monument Academy PCS,DC,Monument Academy PCS,Middle,Regular school,Yes,38.89656,-76.977791,4,100,7.5,101,2.5,,1100500,184-260
mixed - most recent,1.10003E+11,Moten ES,DC,District of Columbia Public Schools,Primary,Regular school,No,38.856618,-76.982742,217,132,12,132,12,,1100002,001-285
mixed - most recent,1.10009E+11,Mundo Verde Bilingual PCS - Calle Ocho,DC,Mundo Verde Bilingual PCS,Primary,Regular school,Yes,38.943,-76.994542,,,,,,,1100527,171-1088
mixed - most recent,1.10009E+11,Mundo Verde Bilingual PCS - J.F. Cook,DC,Mundo Verde Bilingual PCS,Primary,Regular school,Yes,38.909371,-77.010471,74,220,42,220,48,,1100444,171-3065
mixed - most recent,1.10003E+11,Murch ES,DC,District of Columbia Public Schools,Primary,Regular school,No,38.952715,-77.070503,10,262,74,262,73,,1100001,001-287
mixed - most recent,1.10003E+11,Nalle ES,DC,District of Columbia Public Schools,Primary,Regular school,No,38.885988,-76.930876,50,132,12,132,22,,1100163,001-288
mixed - most recent,1.10008E+11,National Collegiate Preparatory PCHS,DC,National Collegiate Preparatory PCHS,Missing/not reported,Regular school,Yes,38.823755,-77.003023,133,60,24.5,57,5,72,1100424,163-1120
mixed - most recent,1.10003E+11,Noyes ES,DC,District of Columbia Public Schools,Primary,Regular school,No,38.925162,-76.991839,63,78,17,77,27,,1100164,001-290
mixed - most recent,1.10003E+11,Oyster-Adams Bilingual School,DC,District of Columbia Public Schools,Primary,Regular school,No,38.923549,-77.057264,42,411,75,410,57,,1100160,001-292
mixed - most recent,1.10003E+11,Patterson ES,DC,District of Columbia Public Schools,Primary,Regular school,No,38.826796,-77.008202,206,138,12,138,12,,1100158,001-294
mixed - most recent,1.10004E+11,Paul PCS - International HS,DC,Paul PCS,High,Regular school,Yes,38.961383,-77.025057,20,123,22,129,12,82,1100477,138-222
mixed - most recent,1.10004E+11,Paul PCS - MS,DC,Paul PCS,Middle,Regular school,Yes,38.961383,-77.025057,2,245,32,246,12,,1100257,138-170
mixed - most recent,1.10003E+11,Payne ES,DC,District of Columbia Public Schools,Primary,Regular school,No,38.885093,-76.984729,136,119,32,119,32,,1100157,001-295
mixed - most recent,1.10003E+11,Peabody ES (Capitol Hill Cluster),DC,District of Columbia Public Schools,Primary,Regular school,No,38.892854,-76.999863,43,,,,,,1100156,001-301
mixed - most recent,1.10001E+11,Perry Street Preparatory PCS,DC,Perry Street Preparatory PCS,Primary,Regular school,Yes,38.936912,-76.978912,107,148,32,148,12,,1100225,125-161
mixed - most recent,1.10003E+11,Phelps Architecture Construction and Engineering HS,DC,District of Columbia Public Schools,High,Regular school,No,38.901818,-76.971932,188,65,22,64,7.5,95,1100407,001-478
mixed - most recent,1.10003E+11,Plummer ES,DC,District of Columbia Public Schools,Primary,Regular school,No,38.887051,-76.93974,150,139,22,139,17,,1100126,001-299
mixed - most recent,1.10003E+11,Powell ES,DC,District of Columbia Public Schools,Primary,Regular school,No,38.941588,-77.031373,81,212,29,212,36,,1100125,001-300
mixed - most recent,1.10003E+11,Randle Highlands ES,DC,District of Columbia Public Schools,Primary,Regular school,No,38.870207,-76.964391,100,116,17,116,27,,1100029,001-316
mixed - most recent,1.10003E+11,Raymond Education Campus,DC,District of Columbia Public Schools,Primary,Regular school,No,38.935711,-77.026101,72,246,31,248,31,,1100033,001-302
mixed - most recent,1.10008E+11,Richard Wright PCS for Journalism and Media Arts,DC,Richard Wright PCS for Journalism and Media Arts,High,Regular school,Yes,38.88423,-77.018811,25,69,22,68,7.5,82,1100441,167-3067
mixed - most recent,1.10003E+11,River Terrace Education Campus,DC,District of Columbia Public Schools,Other,Special education school,No,38.895331,-76.958009,64,31,34.5,31,34.5,,1100506,001-304
mixed - most recent,1.10011E+11,Rocketship PCS - Infinity Community Prep,DC,Rocketship Education DC PCS,Primary,Regular school,Yes,38.954964,-77.002733,,,,,,,1100534,191-1150
mixed - most recent,1.10011E+11,Rocketship PCS - Legacy Prep,DC,Rocketship Education DC PCS,Primary,Regular school,Yes,38.87001,-76.940431,,45,34.5,44,34.5,,1100514,191-1016
mixed - most recent,1.10011E+11,Rocketship PCS - Rise Academy,DC,Rocketship Education DC PCS,Primary,Regular school,Yes,38.855572,-76.974285,,148,32,148,22,,1100509,191-286
mixed - most recent,1.10003E+11,Ron Brown College Preparatory HS,DC,District of Columbia Public Schools,High,Regular school,No,38.90655,-76.932456,,74,17,78,2.5,Suppressed data,1100512,001-436
mixed - most recent,1.10003E+11,Roosevelt HS,DC,District of Columbia Public Schools,High,Regular school,No,38.942971,-77.029177,411,136,7.5,139,2.5,62,1100008,001-459
mixed - most recent,1.10003E+11,Roosevelt STAY HS,DC,District of Columbia Public Schools,High,Other/alternative school,No,38.942971,-77.029177,890,19,10,24,10,7,1100264,001-456
mixed - most recent,1.10002E+11,Roots PCS,DC,Roots PCS,Primary,Regular school,Yes,38.956804,-77.010282,7,21,10,21,30,,1100234,140-173
mixed - most recent,1.10003E+11,Ross ES,DC,District of Columbia Public Schools,Primary,Regular school,No,38.912375,-77.039673,13,67,92,67,77,,1100027,001-305
mixed - most recent,1.10003E+11,Savoy ES,DC,District of Columbia Public Schools,Primary,Regular school,No,38.8628,-76.993812,153,119,12,119,7.5,,1100025,001-307
mixed - most recent,1.10003E+11,School Without Walls at Francis-Stevens,DC,District of Columbia Public Schools,Primary,Regular school,No,38.907591,-77.052335,133,269,43,269,42,,1100149,001-409
mixed - most recent,1.10003E+11,School Without Walls HS,DC,District of Columbia Public Schools,High,Regular school,No,38.898083,-77.047917,188,137,92,132,82,97,1100131,001-466
mixed - most recent,1.10003E+11,School-Within-School at Goding,DC,District of Columbia Public Schools,Primary,Regular school,No,38.901818,-76.971932,22,101,77,101,72,,1100466,001-175
mixed - most recent,1.10003E+11,Seaton ES,DC,District of Columbia Public Schools,Primary,Regular school,No,38.910472,-77.024886,36,128,32,128,42,,1100024,001-309
mixed - most recent,1.10009E+11,Sela PCS,DC,Sela PCS,Primary,Regular school,Yes,38.963862,-77.007391,18,47,44.5,47,54.5,,1100461,174-197
mixed - most recent,1.10003E+11,Shepherd ES,DC,District of Columbia Public Schools,Primary,Regular school,No,38.984623,-77.034048,34,158,57,158,57,,1100030,001-313
mixed - most recent,1.10008E+11,Shining Stars Montessori Academy PCS,DC,Shining Stars Montessori Academy PCS,Primary,Regular school,Yes,38.938528,-76.988703,18,41,24.5,41,5,,1100442,166-3066
mixed - most recent,1.10003E+11,Simon ES,DC,District of Columbia Public Schools,Primary,Regular school,No,38.835932,-76.999994,85,96,2.5,96,7.5,,1100054,001-315
mixed - most recent,1.10003E+11,Smothers ES,DC,District of Columbia Public Schools,Primary,Regular school,No,38.908049,-76.940576,91,73,12,73,2.5,,1100064,001-322
mixed - most recent,1.10012E+11,Social Justice PCS,DC,Social Justice PCS,Middle,Regular school,Yes,38.954964,-77.002733,,,,,,,1100539,350-1148
mixed - most recent,1.10003E+11,Sousa MS,DC,District of Columbia Public Schools,Middle,Regular school,No,38.88401,-76.953382,96,225,15,227,4,,1100019,001-427
mixed - most recent,1.10006E+11,St. Coletta Special Education PCS,DC,St. Coletta Special Education PCS,Other,Special education school,Yes,38.887209,-76.97649,91,88,7.5,88,12,,1100367,143-1047
mixed - most recent,1.10003E+11,Stanton ES,DC,District of Columbia Public Schools,Primary,Regular school,No,38.859297,-76.96858,200,195,12,195,12,,1100013,001-319
mixed - most recent,1.10011E+11,Statesmen College Preparatory  Academy for Boys PCS,DC,Statesmen College Preparatory Academy for Boys PCS,Middle,Regular school,Yes,38.823755,-77.003023,,54,15,54,15,,1100518,314-1037
mixed - most recent,1.10003E+11,Stoddert ES,DC,District of Columbia Public Schools,Primary,Regular school,No,38.922955,-77.079064,73,190,77,189,87,,1100050,001-321
mixed - most recent,1.10003E+11,Stuart-Hobson MS (Capitol Hill Cluster),DC,District of Columbia Public Schools,Middle,Regular school,No,38.896576,-77.000017,88,441,55,437,24,,1100191,001-428
mixed - most recent,1.10003E+11,Takoma Education Campus,DC,District of Columbia Public Schools,Primary,Regular school,No,38.975007,-77.022775,145,253,25,252,21,,1100011,001-324
mixed - most recent,1.10003E+11,Thaddeus Stevens Early Learning Center,DC,District of Columbia Public Schools,Prekindergarten,Regular school,No,38.903189,-77.046963,,,,,,,1100531,001-1142
mixed - most recent,1.1001E+11,The Children's Guild DC PCS,DC,The Children's Guild DC PCS,Primary,Regular school,Yes,38.92064,-76.972161,120,256,5,256,3,,1100499,188-255
mixed - most recent,1.10002E+11,The SEED PCS of Washington DC,DC,SEED PCS,High,Regular school,Yes,38.887059,-76.9462,16,140,12,142,12,95,1100236,142-174
mixed - most recent,1.10011E+11,The Sojourner Truth School PCS,DC,The Sojourner Truth School PCS,Middle,Regular school,Yes,38.936912,-76.978912,,,,,,,1100535,323-1144
mixed - most recent,1.10003E+11,Thomas ES,DC,District of Columbia Public Schools,Primary,Regular school,No,38.901253,-76.952168,152,133,12,133,12,,1100049,001-325
mixed - most recent,1.10003E+11,Thomson ES,DC,District of Columbia Public Schools,Primary,Regular school,No,38.903467,-77.02853,29,110,32,110,32,,1100076,001-326
mixed - most recent,1.10003E+11,Thurgood Marshall Academy PCS,DC,Thurgood Marshall Academy PCS,High,Regular school,Yes,38.862333,-76.993789,31,92,47,88,27,77,1100249,146-191
mixed - most recent,1.10003E+11,Truesdell Education Campus,DC,District of Columbia Public Schools,Primary,Regular school,No,38.953928,-77.025064,136,310,43,311,27,,1100075,001-327
mixed - most recent,1.10003E+11,Tubman ES,DC,District of Columbia Public Schools,Primary,Regular school,No,38.929153,-77.029141,134,213,20,213,30,,1100074,001-328
mixed - most recent,1.10003E+11,Turner ES,DC,District of Columbia Public Schools,Primary,Regular school,No,38.847583,-76.980201,155,195,7.5,195,22,,1100073,001-329
mixed - most recent,1.10005E+11,Two Rivers PCS - 4th Street,DC,Two Rivers PCS,Primary,Regular school,Yes,38.906727,-77.000203,72,293,51,293,40,,1100279,149-198
mixed - most recent,1.10005E+11,Two Rivers PCS - Young ES,DC,Two Rivers PCS,Primary,Regular school,Yes,38.901162,-76.971308,32,95,27,95,27,,1100498,149-270
mixed - most recent,1.10005E+11,Two Rivers PCS - Young MS,DC,Two Rivers PCS,Middle,Regular school,Yes,38.901162,-76.971308,,,,,,,1100533,149-1152
mixed - most recent,1.10003E+11,Tyler ES,DC,District of Columbia Public Schools,Primary,Regular school,No,38.88095,-76.992375,95,172,32,172,27,,1100072,001-330
mixed - most recent,1.10003E+11,Van Ness ES,DC,District of Columbia Public Schools,Primary,Regular school,No,38.877035,-76.999041,23,38,54.5,38,34.5,,1100505,001-331
mixed - most recent,1.10003E+11,Walker-Jones Education Campus,DC,District of Columbia Public Schools,Primary,Regular school,No,38.904261,-77.01398,256,196,22,196,12,,1100070,001-332
mixed - most recent,1.1001E+11,Washington Global PCS,DC,Washington Global PCS,Middle,Regular school,Yes,38.88412,-77.019531,2,206,24,206,15,,1100503,185-263
mixed - most recent,1.10002E+11,Washington Latin PCS - MS,DC,Washington Latin PCS,Middle,Regular school,Yes,38.954029,-77.013902,0,366,63,366,48,,1100324,151-125
mixed - most recent,1.10002E+11,Washington Latin PCS - Upper School,DC,Washington Latin PCS,High,Regular school,Yes,38.954029,-77.013902,58,77,82,80,42,87,1100423,151-1118
mixed - most recent,1.1001E+11,Washington Leadership Academy PCS,DC,Washington Leadership Academy PCS,High,Regular school,Yes,38.928035,-76.99884,,85,27,83,17,Suppressed data,1100510,194-283
mixed - most recent,1.10003E+11,Washington Metropolitan HS,DC,District of Columbia Public Schools,Missing/not reported,Other/alternative school,No,38.920327,-77.016882,152,20,10,21,10,34,1100397,001-474
mixed - most recent,1.10008E+11,Washington Yu Ying PCS,DC,Washington Yu Ying PCS,Primary,Regular school,Yes,38.94139,-77.003671,18,202,56,202,57,,1100411,160-1117
mixed - most recent,1.10003E+11,Watkins ES (Capitol Hill Cluster),DC,District of Columbia Public Schools,Primary,Regular school,No,38.883538,-76.989942,54,259,48,258,44,,1100048,001-333
mixed - most recent,1.10003E+11,West Education Campus,DC,District of Columbia Public Schools,Primary,Regular school,No,38.943594,-77.030235,43,151,42,150,37,,1100067,001-336
mixed - most recent,1.10003E+11,Wheatley Education Campus,DC,District of Columbia Public Schools,Primary,Regular school,No,38.904014,-76.98857,140,146,27,145,7.5,,1100068,001-335
mixed - most recent,1.10003E+11,Whittier Education Campus,DC,District of Columbia Public Schools,Primary,Regular school,No,38.965908,-77.018994,110,169,42,167,42,,1100065,001-338
mixed - most recent,1.10003E+11,Woodrow Wilson HS,DC,District of Columbia Public Schools,High,Regular school,No,38.950001,-77.077659,1180,441,58,416,32,83,1100133,001-463
mixed - most recent,1.10009E+11,Maya Angelou Academy at New Beginnings formerly Oak Hill,MD,DYRS,High,Other/alternative school,No,39.101153,-76.787327,0,6,24.5,6,24.5,,1100213,4002-860
